,Segment,RFM_Avg
3,Champions,548.115107913669
7,New_Customers,511.24120603015075
8,Potential_Loyalists,474.4313725490196
9,Promising,411.45454545454544
5,Loyal_Customers,388.9124087591241
6,Need_Attention,333.0769230769231
0,About_to_Sleep,317.88505747126436
4,Hibernating,192.25742574257427
2,Cant_Lose,190.73146622734762
1,At_Risk,189.56511056511056
